{
  "downloading": {
    "fr": "Téléchargement en cours...",
    "en": "Downloading...",
    "es": "Descargando...",
    "pt": "Está fazendo o download...",
    "dt": "ich mache das download..."
  },
  "track_link": {
    "fr": "Lien du track",
    "en": "Track link",
    "es": "Enlace de la canción",
    "pt": "Link da música",
    "dt": "Musik-Link"
  },
  "album_link": {
    "fr": "Lien de l'album",
    "en": "Album link",
    "es": "Link del álbum",
    "pt": "Link do Álbum",
    "dt": "Album-Link"
  },
  "playlist_link": {
    "fr": "Lien de la playlist",
    "en": "Playlist link",
    "es": "Link de la playlist",
    "pt": "Link da playlist"
  },
  "download_error": {
    "fr": "Échec du téléchargement.",
    "en": "Download failed.",
    "es": "Descarga fallida",
    "pt": "Aconteceu um erro durante o download"
  },
  "running_download": {
    "fr": "Un téléchargement est déjà en cours !",
    "en": "A download is already in progress!",
    "es": "Una descarga ya está en proceso",
    "pt": "Um download já está em andamento!"
  }
}
